<ResourcesList>
    <ResourceGroup type = "HUMANS">
        <ResourcesInfo JobPosition = "Station Manager"          OnDuty  = "40"  OnLeave_Local = "1" OnLeave_Oversea = "1"   MC = "2" />
        <ResourcesInfo JobPosition = "Deputy Station Manager"   OnDuty  = "82"  OnLeave_Local = "5" OnLeave_Oversea = "5"   MC = "2" />
        </ResourceGroup>
       <ResourceGroup type = "MACHINES">
        <ResourcesInfo MachineName = "Leopard 2SG"      MachineID = "SB1420J"   MachineType = "Battle Tank"     Available = "15" NotAvailable = "2"  />
        <ResourcesInfo MachineName = "M113A2 ULTRA OWS" MachineID = "SS4020J"   MachineType = "Transport Vechicle" Available = "50" NotAvailable = "21" />
    </ResourceGroup>
</ResourcesList>    